series,final_cum_return
Baseline,2.020864100176463
Risk-Controlled Net,1.4983168307926031
Optimized Net,1.1547407763855553
SPY,2.054912389069786
CIBR,2.1103022026138154
HACK,1.7681818002690768
