metric,value
IC Mean,0.008798921058897156
IC Std,0.3590737382455848
IC IR,0.024504496212639264
IC t-stat,0.19603596970111412
Rank IC Mean,0.005088606166150672
