metric,value
Annual Return,0.20768161350719283
Annual Volatility,0.3409279393026425
Sharpe Ratio,0.6091657196884454
Max Drawdown,-0.5786377682597545
