metric,subtheme_neutral
Annual Return,0.17119846970421126
Annual Volatility,0.30594205222236426
Sharpe Ratio,0.5595780915393125
Sortino Ratio,0.9634222716305731
Max Drawdown,-0.5193744891327964
